summary_id,type,mean,standard_deviation,exposure_value
1,1,94695.011151,1102340.707240,48347220.000000
1,2,75913.356131,897540.820965,48347220.000000
