summary_id,type,mean,standard_deviation,exposure_value
1,1,23315.137724,319139.341129,14354167.000000
1,2,18736.648471,257667.069497,14354167.000000
